<?xml version="1.0"?>
<?xml-stylesheet type='text/xsl' href='chatxml.xsl' ?>
<messages><msg alias="David &lt;-&gt; Dave"><text time="1567391831" user="inland14@live.com" alias="David">ksjdk</text></msg><msg alias="Dave &lt;-&gt; David"><text time="1570152298" user="tcp@null.net" alias="Dave">ajdf</text></msg><msg alias="Dave &lt;-&gt; David"><text time="1570152340" user="tcp@null.net" alias="Dave">lkjdf</text></msg><msg alias="Dave &lt;-&gt; David"><text time="1570152376" user="tcp@null.net" alias="Dave">adjf</text></msg><msg alias="Dave &lt;-&gt; David"><text time="1570196653" user="tcp@null.net" alias="Dave">fuck</text></msg><msg alias="Dave &lt;-&gt; David"><text time="1570196694" user="tcp@null.net" alias="Dave">shit</text></msg><msg alias="Dave &lt;-&gt; David"><text time="1570196726" user="tcp@null.net" alias="Dave">akjfd</text></msg><msg alias="Dave &lt;-&gt; David"><text time="1570196731" user="tcp@null.net" alias="Dave">ass</text></msg><msg alias="Dave &lt;-&gt; David"><text time="1570196786" user="tcp@null.net" alias="Dave">asjd</text></msg><msg alias="Dave &lt;-&gt; David"><text time="1570196889" user="tcp@null.net" alias="Dave">shit</text></msg><msg alias="Dave &lt;-&gt; David"><text time="1570196947" user="tcp@null.net" alias="Dave">CENSORED</text></msg><msg alias="Dave &lt;-&gt; David"><text time="1570197112" user="tcp@null.net" alias="Dave">CENSORED</text></msg><msg alias="Dave &lt;-&gt; David"><text time="1570199850" user="tcp@null.net" alias="Dave">CENSORED</text></msg><msg alias="Dave &lt;-&gt; David"><text time="1570204726" user="tcp@null.net" alias="Dave">CENSORED</text></msg><msg alias="Dave &lt;-&gt; David"><text time="1570208699" user="tcp@null.net" alias="Dave">test</text></msg><msg alias="Dave &lt;-&gt; David"><text time="1570208719" user="tcp@null.net" alias="Dave">hey</text></msg><msg alias="Dave &lt;-&gt; David"><text time="1570209201" user="tcp@null.net" alias="Dave">hey</text></msg><msg alias="Dave &lt;-&gt; David"><text time="1570209206" user="tcp@null.net" alias="Dave">CENSORED</text></msg><msg alias="Dave &lt;-&gt; David"><text time="1570209296" user="tcp@null.net" alias="Dave">CENSORED</text></msg><msg alias="Dave &lt;-&gt; David"><text time="1570209368" user="tcp@null.net" alias="Dave">dickweed</text></msg><msg alias="Dave &lt;-&gt; David"><text time="1570209373" user="tcp@null.net" alias="Dave">CENSORED</text></msg><msg alias="Dave &lt;-&gt; David"><text time="1570209823" user="tcp@null.net" alias="Dave">CENSORED</text></msg><msg alias="Dave &lt;-&gt; David"><text time="1570209933" user="tcp@null.net" alias="Dave">CENSORED</text></msg><msg alias="Dave &lt;-&gt; David"><text time="1570210224" user="tcp@null.net" alias="Dave">CENSORED</text></msg><msg alias="Dave &lt;-&gt; David"><text time="1570215015" user="tcp@null.net" alias="Dave">shit</text></msg><msg alias="Dave &lt;-&gt; David"><text time="1570215019" user="tcp@null.net" alias="Dave">CENSORED</text></msg><msg alias="Dave &lt;-&gt; David"><text time="1570215039" user="tcp@null.net" alias="Dave">CENSORED</text></msg><msg alias="Dave &lt;-&gt; David"><text time="1570215045" user="tcp@null.net" alias="Dave">shit</text></msg><msg alias="Dave &lt;-&gt; David"><text time="1570215246" user="tcp@null.net" alias="Dave">dkjf</text></msg><msg alias="Dave &lt;-&gt; David"><text time="1570215255" user="tcp@null.net" alias="Dave">CENSORED</text></msg><msg alias="Dave &lt;-&gt; David"><text time="1570215261" user="tcp@null.net" alias="Dave">shit</text></msg></messages>
