<?xml version="1.0"?>
<?xml-stylesheet type='text/xsl' href='chatxml.xsl' ?>
<messages><msg alias="Dave &lt;-&gt; Josh"><text time="1566746944" user="tcp@null.net" alias="Dave">aksjd</text></msg><msg alias="Dave &lt;-&gt; Josh"><text time="1569961399" user="tcp@null.net" alias="Dave">adkf</text></msg><msg alias="Dave &lt;-&gt; Josh"><text time="1569961477" user="tcp@null.net" alias="Dave">akf</text></msg><msg alias="Dave &lt;-&gt; Josh"><text time="1569961479" user="tcp@null.net" alias="Dave">kjd</text></msg><msg alias="Dave &lt;-&gt; Josh"><text time="1569961558" user="tcp@null.net" alias="Dave">kajf</text></msg><msg alias="Dave &lt;-&gt; Josh"><text time="1569961561" user="tcp@null.net" alias="Dave">d</text></msg><msg alias="Dave &lt;-&gt; Josh"><text time="1569961663" user="tcp@null.net" alias="Dave">sad</text></msg><msg alias="Dave &lt;-&gt; Josh"><text time="1569961667" user="tcp@null.net" alias="Dave">akdj</text></msg><msg alias="Dave &lt;-&gt; Josh"><text time="1569975686" user="tcp@null.net" alias="Dave">kjdf</text></msg><msg alias="Dave &lt;-&gt; Josh"><text time="1569993508" user="tcp@null.net" alias="Dave">kaf</text></msg><msg alias="Dave &lt;-&gt; Josh"><text time="1569993517" user="tcp@null.net" alias="Dave">ef</text></msg><msg alias="Dave &lt;-&gt; Josh"><text time="1569993588" user="tcp@null.net" alias="Dave">fj</text></msg><msg alias="Dave &lt;-&gt; Josh"><text time="1569993671" user="tcp@null.net" alias="Dave">kasj</text></msg><msg alias="Dave &lt;-&gt; Josh"><text time="1569993678" user="tcp@null.net" alias="Dave">alkdj</text></msg><msg alias="Dave &lt;-&gt; Josh"><text time="1569993750" user="tcp@null.net" alias="Dave">kajd</text></msg><msg alias="Dave &lt;-&gt; Josh"><text time="1569993755" user="tcp@null.net" alias="Dave">****</text></msg><msg alias="Dave &lt;-&gt; Josh"><text time="1569993802" user="tcp@null.net" alias="Dave">let's see what the **** I can do</text></msg><msg alias="Dave &lt;-&gt; Josh"><text time="1569993814" user="tcp@null.net" alias="Dave">you dumbpussy</text></msg><msg alias="Dave &lt;-&gt; Josh"><text time="1569993839" user="tcp@null.net" alias="Dave">you dumbpussy</text></msg><msg alias="Dave &lt;-&gt; Josh"><text time="1569993922" user="tcp@null.net" alias="Dave">****</text></msg><msg alias="Dave &lt;-&gt; Josh"><text time="1569994306" user="tcp@null.net" alias="Dave">kads</text></msg><msg alias="Dave &lt;-&gt; Josh"><text time="1569994308" user="tcp@null.net" alias="Dave">da;f</text></msg><msg alias="Dave &lt;-&gt; Josh"><text time="1569994315" user="tcp@null.net" alias="Dave">d</text></msg><msg alias="Dave &lt;-&gt; Josh"><text time="1569997890" user="tcp@null.net" alias="Dave"/></msg><msg alias="Dave &lt;-&gt; Josh"><text time="1569997924" user="tcp@null.net" alias="Dave">dkf</text></msg><msg alias="Dave &lt;-&gt; Josh"><text time="1569998018" user="tcp@null.net" alias="Dave">shit</text></msg><msg alias="Dave &lt;-&gt; Josh"><text time="1569998089" user="tcp@null.net" alias="Dave">jafd</text></msg><msg alias="Dave &lt;-&gt; Josh"><text time="1569998096" user="tcp@null.net" alias="Dave">fuck you</text></msg><msg alias="Dave &lt;-&gt; Josh"><text time="1569998567" user="tcp@null.net" alias="Dave">kj</text></msg><msg alias="Dave &lt;-&gt; Josh"><text time="1569998572" user="tcp@null.net" alias="Dave">shit</text></msg><msg alias="Dave &lt;-&gt; Josh"><text time="1569998587" user="tcp@null.net" alias="Dave">motherfucker</text></msg><msg alias="Dave &lt;-&gt; Josh"><text time="1569998670" user="tcp@null.net" alias="Dave">shit</text></msg><msg alias="Dave &lt;-&gt; Josh"><text time="1569998675" user="tcp@null.net" alias="Dave">kadfda</text></msg><msg alias="Dave &lt;-&gt; Josh"><text time="1569998796" user="tcp@null.net" alias="Dave">****</text></msg><msg alias="Dave &lt;-&gt; Josh"><text time="1569999022" user="tcp@null.net" alias="Dave">odfo</text></msg><msg alias="Dave &lt;-&gt; Josh"><text time="1569999031" user="tcp@null.net" alias="Dave">fuck this</text></msg><msg alias="Dave &lt;-&gt; Josh"><text time="1569999606" user="tcp@null.net" alias="Dave">dafj</text></msg><msg alias="Dave &lt;-&gt; Josh"><text time="1569999613" user="tcp@null.net" alias="Dave">fuck that</text></msg><msg alias="Dave &lt;-&gt; Josh"><text time="1569999772" user="tcp@null.net" alias="Dave">lakj</text></msg><msg alias="Dave &lt;-&gt; Josh"><text time="1569999776" user="tcp@null.net" alias="Dave">fuck</text></msg><msg alias="Dave &lt;-&gt; Josh"><text time="1569999832" user="tcp@null.net" alias="Dave">fuk</text></msg><msg alias="Dave &lt;-&gt; Josh"><text time="1569999838" user="tcp@null.net" alias="Dave">fuck</text></msg><msg alias="Dave &lt;-&gt; Josh"><text time="1570000103" user="tcp@null.net" alias="Dave">f bomb</text></msg><msg alias="Dave &lt;-&gt; Josh"><text time="1570000109" user="tcp@null.net" alias="Dave">fuck</text></msg><msg alias="Dave &lt;-&gt; Josh"><text time="1570000560" user="tcp@null.net" alias="Dave">fuck</text></msg><msg alias="Dave &lt;-&gt; Josh"><text time="1570000675" user="tcp@null.net" alias="Dave">vagina</text></msg><msg alias="Dave &lt;-&gt; Josh"><text time="1570000683" user="tcp@null.net" alias="Dave">fuck</text></msg><msg alias="Dave &lt;-&gt; Josh"><text time="1570000775" user="tcp@null.net" alias="Dave">lkjg</text></msg><msg alias="Dave &lt;-&gt; Josh"><text time="1570000782" user="tcp@null.net" alias="Dave">fuck</text></msg><msg alias="Dave &lt;-&gt; Josh"><text time="1570000888" user="tcp@null.net" alias="Dave">sex</text></msg><msg alias="Dave &lt;-&gt; Josh"><text time="1570000964" user="tcp@null.net" alias="Dave">have sex</text></msg><msg alias="Dave &lt;-&gt; Josh"><text time="1570000999" user="tcp@null.net" alias="Dave">kj</text></msg><msg alias="Dave &lt;-&gt; Josh"><text time="1570001003" user="tcp@null.net" alias="Dave">sex</text></msg><msg alias="Dave &lt;-&gt; Josh"><text time="1570001075" user="tcp@null.net" alias="Dave">dfj</text></msg><msg alias="Dave &lt;-&gt; Josh"><text time="1570001080" user="tcp@null.net" alias="Dave">CENSORED</text></msg><msg alias="Dave &lt;-&gt; Josh"><text time="1570001172" user="tcp@null.net" alias="Dave">Randy is a CENSORED</text></msg><msg alias="Dave &lt;-&gt; Josh"><text time="1570001846" user="tcp@null.net" alias="Dave">Sue is fucking hot!</text></msg><msg alias="Dave &lt;-&gt; Josh"><text time="1570001923" user="tcp@null.net" alias="Dave">Sue is REALLY fucking hot</text></msg><msg alias="Dave &lt;-&gt; Josh"><text time="1570001955" user="tcp@null.net" alias="Dave">CENSORED</text></msg><msg alias="Dave &lt;-&gt; Josh"><text time="1570002082" user="tcp@null.net" alias="Dave">Sue is REALLY CENSORED hot</text></msg><msg alias="Dave &lt;-&gt; Josh"><text time="1570002191" user="tcp@null.net" alias="Dave">CENSORED</text></msg><msg alias="Dave &lt;-&gt; Josh"><text time="1570002206" user="tcp@null.net" alias="Dave">CENSORED</text></msg><msg alias="Dave &lt;-&gt; Josh"><text time="1570027024" user="tcp@null.net" alias="Dave">CENSORED</text></msg><msg alias="Dave &lt;-&gt; Josh"><text time="1570151608" user="tcp@null.net" alias="Dave">kdjf</text></msg><msg alias="Dave &lt;-&gt; Josh"><text time="1570151682" user="tcp@null.net" alias="Dave">kdsf</text></msg><msg alias="Dave &lt;-&gt; Josh"><text time="1570153652" user="tcp@null.net" alias="Dave">jf</text></msg><msg alias="Dave &lt;-&gt; Josh"><text time="1570156819" user="tcp@null.net" alias="Dave">kds</text></msg><msg alias="Dave &lt;-&gt; Josh"><text time="1570161540" user="tcp@null.net" alias="Dave">jjjjjjjjjjjjjjjjjjjjjjjjjjjjjjjjjjjjjjjjjjjjjjjjjjjjjjjjjjjjjjjjjjjjjjjjjjjjjjjjjjjjjjjjjjjjjjjjjjjjjjjjjjjjjjjjjjjjjjjjjjjjj\</text></msg><msg alias="Dave &lt;-&gt; Josh"><text time="1570163312" user="tcp@null.net" alias="Dave">dfu</text></msg><msg alias="Dave &lt;-&gt; Josh"><text time="1570163316" user="tcp@null.net" alias="Dave">jfof</text></msg><msg alias="Dave &lt;-&gt; Josh"><text time="1570196515" user="tcp@null.net" alias="Dave">bullshit</text></msg><msg alias="Dave &lt;-&gt; Josh"><text time="1570196519" user="tcp@null.net" alias="Dave">shit</text></msg><msg alias="Dave &lt;-&gt; Josh"><text time="1570208501" user="tcp@null.net" alias="Dave">CENSORED</text></msg><msg alias="Dave &lt;-&gt; Josh"><text time="1570208851" user="tcp@null.net" alias="Dave">kajd</text></msg><msg alias="Dave &lt;-&gt; Josh"><text time="1570208856" user="tcp@null.net" alias="Dave">CENSORED</text></msg><msg alias="Dave &lt;-&gt; Josh"><text time="1570208866" user="tcp@null.net" alias="Dave">CENSORED</text></msg><msg alias="Dave &lt;-&gt; Josh"><text time="1570208878" user="tcp@null.net" alias="Dave">You're an CENSORED</text></msg><msg alias="Dave &lt;-&gt; Josh"><text time="1570209455" user="tcp@null.net" alias="Dave">CENSORED</text></msg><msg alias="Dave &lt;-&gt; Josh"><text time="1570209520" user="tcp@null.net" alias="Dave">CENSORED</text></msg><msg alias="Dave &lt;-&gt; Josh"><text time="1570209546" user="tcp@null.net" alias="Dave">CENSORED</text></msg><msg alias="Dave &lt;-&gt; Josh"><text time="1570210127" user="tcp@null.net" alias="Dave">help!</text></msg></messages>
