<?xml version="1.0"?>
<?xml-stylesheet type='text/xsl' href='chatxml.xsl' ?>
<messages><msg alias="Dave &lt;-&gt; fi"><text time="1566746933" user="tcp@null.net" alias="Dave">dsd</text></msg><msg alias="Dave &lt;-&gt; fi"><text time="1566857851" user="tcp@null.net" alias="Dave">ggkkg</text></msg><msg alias="Dave &lt;-&gt; fi"><text time="1566857862" user="tcp@null.net" alias="Dave">tftfty</text></msg><msg alias="Dave &lt;-&gt; fi"><text time="1566857906" user="tcp@null.net" alias="Dave">hh</text></msg><msg alias="Dave &lt;-&gt; fi"><text time="1566857922" user="tcp@null.net" alias="Dave">ytdyrd</text></msg><msg alias="Dave &lt;-&gt; fi"><text time="1566858079" user="tcp@null.net" alias="Dave">kjds</text></msg><msg alias="Dave &lt;-&gt; fi"><text time="1566858251" user="tcp@null.net" alias="Dave">ytyr</text></msg><msg alias="Dave &lt;-&gt; fi"><text time="1566858278" user="tcp@null.net" alias="Dave">do you believe in Jesus Christ?</text></msg><msg alias="Dave &lt;-&gt; fi"><text time="1566867169" user="tcp@null.net" alias="Dave">asjdhajs</text></msg><msg alias="Dave &lt;-&gt; Fiji"><text time="1569961413" user="tcp@null.net" alias="Dave">af</text></msg><msg alias="Dave &lt;-&gt; Fiji"><text time="1569961682" user="tcp@null.net" alias="Dave">aks</text></msg><msg alias="Dave &lt;-&gt; Fiji"><text time="1569975675" user="tcp@null.net" alias="Dave">aks</text></msg><msg alias="Dave &lt;-&gt; Fiji"><text time="1570209049" user="tcp@null.net" alias="Dave">CENSORED</text></msg></messages>
